Workbook

Sheet Dashboard
A1: PRESALES ALL-HANDS SURVEY ANALYSIS
A3: Survey Overview | D3: Analysis Status
A4: Total Responses: | B4: =COUNTA(RawData!A2:A200) -> 7 | D4: Raw Data Import | E4: ☐ Pending
A5: Response Rate: | B5: ~100% | D5: Theme Coding | E5: ☐ Pending
A6: Date of Survey: | B6: November 2025 | D6: Quantitative Analysis | E6: ☐ Pending
D7: Quick Wins Identified | E7: ☐ Pending
D8: Executive Summary | E8: ☐ Pending
A10: KEY INSIGHTS PREVIEW
A12: Top 3 Cultural Themes | D12: Current AI Adoption
A13: 1. | B13: =Q1_Culture!E3 -> 0 | D13: Heavy Users: | E13: =Q7_AI_Tools!E3 -> 0
A14: 2. | B14: =Q1_Culture!E4 -> Theme Code 3 | D14: Moderate Users: | E14: =Q7_AI_Tools!E4 -> Theme Code 3
A15: 3. | B15: =Q1_Culture!E5 -> 0 | D15: Non-Users: | E15: =Q7_AI_Tools!E5 -> 0
A17: Future Mission Consensus | B17: =Q2_Mission!E3 -> 0 | D17: Top 3 Challenges
D18: 1. | E18: =Q12_Challenges!E3 -> 0
A19: Top Ranked Future Skill | B19: =Q4_Rankings!B3 -> 0 | D19: 2. | E19: =Q12_Challenges!E4 -> Theme Code 3
D20: 3. | E20: =Q12_Challenges!E5 -> 0
A21: Most Mentioned AI Use Case | B21: =Q6_AI_Usage!E3 -> 0
A23: QUICK WINS READY FOR ACTION
A24: See "Quick_Wins" sheet for immediately actionable items from Stop/Start data

Sheet RawData
A1: PASTE YOUR MENTI.COM EXPORT HERE
A2: Response ID | B2: Q1_Culture | C2: Q2_Mission | D2: Q3_Roles | E2: Q4_Rankings | F2: Q5_Skills | G2: Q6_AI_Usage | H2: Q7_AI_Tools | I2: Q8_Customer_Value | J2: Q9_Success_Metrics | K2: Q10_Relationships | L2: Q11_Human_Value | M2: Q12_Challenges | N2: Q13_Stop | O2: Q14_Start
A3: Instructions:
A4: 1. Export responses from Menti.com as Excel
A5: 2. Map each question column to the headers above
A6: 3. Paste response data starting from Row 3
A7: 4. Generate Response IDs (R001, R002, etc.) in Column A
A8: 5. Update Dashboard status markers when complete

Sheet Theme_Codes
A1: THEMATIC CODING FRAMEWORK
A3: HOW TO USE THIS FRAMEWORK
A4: 1. Read through all responses for a question
A5: 2. Identify 5-7 recurring themes or patterns
A6: 3. Create a theme code (e.g., COLLAB, INNOV, SILOS)
A7: 4. Define each theme with criteria
A8: 5. Tag each response with 1-3 relevant theme codes
A9: 6. Use COUNTIF formulas to calculate frequencies
A10: 7. Pull representative quotes for each major theme
A12: SAMPLE THEME CODES BY QUESTION
A14: Question | B14: Theme Code | C14: Theme Name | D14: Definition | E14: Example Keywords
A15: Q1: Culture | B15: COLLAB | C15: Collaborative | D15: Emphasizes teamwork and cross-functional cooperation | E15: together, team, partnership
A16: Q1: Culture | B16: SILOS | C16: Siloed | D16: Mentions isolation or lack of coordination | E16: disconnected, isolated, separate
A17: Q1: Culture | B17: INNOV | C17: Innovative | D17: Highlights creativity and experimentation | E17: creative, experiment, try new
A18: Q1: Culture | B18: REACT | C18: Reactive | D18: Describes firefighting and last-minute work | E18: urgent, rushed, scrambling
A19: Q2: Mission | B19: TRUST | C19: Trusted Advisor | D19: Becoming strategic partner to customers | E19: advisor, consultant, partner
A20: Q2: Mission | B20: COMPLEX | C20: Solution Complexity | D20: Navigating complex technical landscapes | E20: complex, architecture, integration
A21: Q2: Mission | B21: VALUE | C21: Value Demonstration | D21: Proving business outcomes and ROI | E21: ROI, value, business case
A22: Q6: AI Usage | B22: RESEARCH | C22: Research Acceleration | D22: Using AI for faster information gathering | E22: research, find, discover
A23: Q6: AI Usage | B23: CONTENT | C23: Content Generation | D23: Creating demos, docs, presentations | E23: create, generate, draft
A24: Q6: AI Usage | B24: ANALYSIS | C24: Data Analysis | D24: Analyzing customer data and patterns | E24: analyze, insights, patterns
A25: Q11: Human Value | B25: EMPATHY | C25: Emotional Intelligence | D25: Building relationships and trust | E25: relationship, trust, understand
... A29: Q12: Challenges | B29: COORD | C29: Coordination Issues | D29: Difficulty aligning teams | E29: coordination, alignment, communication

Sheet Q1_Culture
A1: Q1: Team Culture
A2: How would you describe the team culture in International Presales?
A4: Response ID | B4: Response Text | C4: Theme Code 1 | D4: Theme Code 2 | E4: Theme Code 3 | G4: THEME FREQUENCY
G5: Theme Code | H5: Count | I5: Percentage
G20: REPRESENTATIVE QUOTES
G21: Theme | H21: Response ID | I21: Quote

Sheet Q2_Mission
A1: Q2: Future Mission
A2: What do you believe will be the primary mission or purpose of the Presales role?
A4: Response ID | B4: Response Text | C4: Theme Code 1 | D4: Theme Code 2 | E4: Theme Code 3 | G4: THEME FREQUENCY
G5: Theme Code | H5: Count | I5: Percentage
G20: REPRESENTATIVE QUOTES
G21: Theme | H21: Response ID | I21: Quote

Sheet Q3_Roles
A1: Q3: Future Roles
A2: What do you believe are the future roles in International Presales?
A4: Response ID | B4: Response Text | C4: Theme Code 1 | D4: Theme Code 2 | E4: Theme Code 3 | G4: THEME FREQUENCY
G5: Theme Code | H5: Count | I5: Percentage
G20: REPRESENTATIVE QUOTES
G21: Theme | H21: Response ID | I21: Quote

Sheet Q5_Skills
A1: Q5: Additional Skills
A2: What additional skillsets will be important for Presales in the future?
A4: Response ID | B4: Response Text | C4: Theme Code 1 | D4: Theme Code 2 | E4: Theme Code 3 | G4: THEME FREQUENCY
G5: Theme Code | H5: Count | I5: Percentage
G20: REPRESENTATIVE QUOTES
G21: Theme | H21: Response ID | I21: Quote

Sheet Q6_AI_Usage
A1: Q6: AI Usage
A2: How would you use AI to be more efficient in your role?
A4: Response ID | B4: Response Text | C4: Theme Code 1 | D4: Theme Code 2 | E4: Theme Code 3 | G4: THEME FREQUENCY
G5: Theme Code | H5: Count | I5: Percentage
G20: REPRESENTATIVE QUOTES
G21: Theme | H21: Response ID | I21: Quote

Sheet Q7_AI_Tools
A1: Q7: Current AI Tools
A2: What AI Tools do you currently use?
A4: Response ID | B4: Response Text | C4: Theme Code 1 | D4: Theme Code 2 | E4: Theme Code 3 | G4: THEME FREQUENCY
G5: Theme Code | H5: Count | I5: Percentage
G20: REPRESENTATIVE QUOTES
G21: Theme | H21: Response ID | I21: Quote

Sheet Q8_Customer_Value
A1: Q8: Customer Value
A2: How should we evolve the way we demonstrate value to customers?
A4: Response ID | B4: Response Text | C4: Theme Code 1 | D4: Theme Code 2 | E4: Theme Code 3 | G4: THEME FREQUENCY
G5: Theme Code | H5: Count | I5: Percentage
G20: REPRESENTATIVE QUOTES
G21: Theme | H21: Response ID | I21: Quote

Sheet Q9_Success_Metrics
A1: Q9: Success Metrics
A2: What outcomes should define success beyond technical wins?
A4: Response ID | B4: Response Text | C4: Theme Code 1 | D4: Theme Code 2 | E4: Theme Code 3 | G4: THEME FREQUENCY
G5: Theme Code | H5: Count | I5: Percentage
G20: REPRESENTATIVE QUOTES
G21: Theme | H21: Response ID | I21: Quote

Sheet Q10_Relationships
A1: Q10: Cross-functional
A2: How should relationships with PM, Marketing, PS, CS evolve?
A4: Response ID | B4: Response Text | C4: Theme Code 1 | D4: Theme Code 2 | E4: Theme Code 3 | G4: THEME FREQUENCY
G5: Theme Code | H5: Count | I5: Percentage
G20: REPRESENTATIVE QUOTES
G21: Theme | H21: Response ID | I21: Quote

Sheet Q11_Human_Value
A1: Q11: Human Value
A2: What is the most important, uniquely human value that Presales delivers?
A4: Response ID | B4: Response Text | C4: Theme Code 1 | D4: Theme Code 2 | E4: Theme Code 3 | G4: THEME FREQUENCY
G5: Theme Code | H5: Count | I5: Percentage
G20: REPRESENTATIVE QUOTES
G21: Theme | H21: Response ID | I21: Quote

Sheet Q12_Challenges
A1: Q12: Challenges
A2: What are your biggest challenges and internal bottlenecks today?
A4: Response ID | B4: Response Text | C4: Theme Code 1 | D4: Theme Code 2 | E4: Theme Code 3 | G4: THEME FREQUENCY
G5: Theme Code | H5: Count | I5: Percentage
G20: REPRESENTATIVE QUOTES
G21: Theme | H21: Response ID | I21: Quote

Sheet Q13_Stop
A1: Q13: Stop Doing
A2: What should we stop doing today?
A4: Response ID | B4: Response Text | C4: Theme Code 1 | D4: Theme Code 2 | E4: Theme Code 3 | G4: THEME FREQUENCY
G5: Theme Code | H5: Count | I5: Percentage
G20: REPRESENTATIVE QUOTES
G21: Theme | H21: Response ID | I21: Quote

Sheet Q14_Start
A1: Q14: Start Doing
A2: What should we start doing differently tomorrow?
A4: Response ID | B4: Response Text | C4: Theme Code 1 | D4: Theme Code 2 | E4: Theme Code 3 | G4: THEME FREQUENCY
G5: Theme Code | H5: Count | I5: Percentage
G20: REPRESENTATIVE QUOTES
G21: Theme | H21: Response ID | I21: Quote

Sheet Q4_Rankings
A1: Q4: Future Skillset Rankings
A2: Rank these key skillsets & mindsets for Presales of the future
A4: RANKING ANALYSIS
A5: Skillset | B5: 1st Place (5pts) | C5: 2nd Place (4pts) | D5: 3rd Place (3pts) | E5: Total Score | F5: Rank
A6: Technical Depth & Product Expertise | B6: 0 | C6: 0 | D6: 0 | E6: =B6*5+C6*4+D6*3 -> 0
A7: Business Acumen & ROI Analysis | B7: 0 | C7: 0 | D7: 0 | E7: =B7*5+C7*4+D7*3 -> 0
A8: Strategic Thinking & Consultative Approach | B8: 0 | C8: 0 | D8: 0 | E8: =B8*5+C8*4+D8*3 -> 0
A9: Communication & Storytelling | B9: 0 | C9: 0 | D9: 0 | E9: =B9*5+C9*4+D9*3 -> 0
A10: AI/Automation Literacy | B10: 0 | C10: 0 | D10: 0 | E10: =B10*5+C10*4+D10*3 -> 0
A11: Adaptability & Continuous Learning | B11: 0 | C11: 0 | D11: 0 | E11: =B11*5+C11*4+D11*3 -> 0
A12: Industry Domain Knowledge | B12: 0 | C12: 0 | D12: 0 | E12: =B12*5+C12*4+D12*3 -> 0
A13: Data Analysis & Interpretation | B13: 0 | C13: 0 | D13: 0 | E13: =B13*5+C13*4+D13*3 -> 0
A15: Instructions:
A16: 1. Count how many people ranked each skill in 1st, 2nd, 3rd place
A17: 2. Enter counts in columns B, C, D
A18: 3. Total Score will auto-calculate (weighted: 5-4-3-2-1)
A19: 4. Sort by Total Score to see top-ranked skills
A20: 5. Add custom skills mentioned by respondents as needed

Sheet Quick_Wins
A1: QUICK WINS - IMMEDIATE ACTION ITEMS
A3: Extracted from "Stop Doing" and "Start Doing" responses
A5: STOP DOING (Immediate Relief)
A6: Action | B6: Frequency | C6: Impact | D6: Effort | E6: Priority | F6: Owner | G6: Timeline
A7: Redundant status meetings | C7: High | D7: Low | E7: P1 | F7: Director | G7: Week 1
A8: Manual report generation | C8: High | D8: Medium | E8: P1 | F8: Ops Team | G8: Week 2
A9: Duplicate data entry across systems | C9: Medium | D9: Medium | E9: P2 | F9: IT/Ops | G9: Month 1
A10: Low-value administrative tasks | C10: Medium | D10: Low | E10: P2 | F10: Team Leads | G10: Week 3
A13: START DOING (Strategic Investments)
A14: Action | B14: Frequency | C14: Impact | D14: Effort | E14: Priority | F14: Owner | G14: Timeline
A15: Weekly AI tool training sessions | C15: High | D15: Low | E15: P1 | F15: Enablement | G15: Week 1
A16: Customer success story library | C16: High | D16: Medium | E16: P1 | F16: Marketing | G16: Month 1
A17: Regular PM/Presales sync meetings | C17: Medium | D17: Low | E17: P2 | F17: PM Lead | G17: Week 2
A18: Automated demo environments | C18: High | D18: High | E18: P2 | F18: Engineering | G18: Quarter 1
A21: PRIORITIZATION FRAMEWORK
A22: Fill in Frequency from theme analysis
A23: Impact: High = affects >50% of team, Medium = 25-50%, Low = <25%
A24: Effort: Low = <2 weeks, Medium = 2-8 weeks, High = >8 weeks
A25: Priority: P1 = High Impact + Low Effort (Quick Wins)
A26: P2 = High Impact + High Effort (Strategic Projects)
A27: P3 = Everything else (Defer)

Sheet Executive_Summary
A1: EXECUTIVE SUMMARY
A3: International Presales All-Hands Survey - Key Findings
A5: 1. CURRENT STATE ASSESSMENT
A6: Team Culture: | B6: [Insert top 3 themes from Q1_Culture]
A8: Top Challenges: | B8: [Insert top 3 themes from Q12_Challenges]
A10: AI Adoption Status: | B10: [Insert distribution from Q7_AI_Tools]
A13: 2. FUTURE VISION (2-YEAR HORIZON)
A14: Primary Mission: | B14: [Insert consensus from Q2_Mission]
A16: Critical Skillsets: | B16: [Insert top 5 from Q4_Rankings]
A18: Uniquely Human Value: | B18: [Insert top themes from Q11_Human_Value]
A21: 3. STRATEGIC IMPERATIVES
A22: Customer Value Evolution: | B22: [Insert themes from Q8_Customer_Value]
A24: Cross-functional Relationships: | B24: [Insert themes from Q10_Relationships]
A26: Success Metrics: | B26: [Insert themes from Q9_Success_Metrics]
A29: 4. IMMEDIATE ACTIONS (Quick Wins)
A30: Stop Doing (P1): | B30: [Top 3 items from Quick_Wins sheet]
A32: Start Doing (P1): | B32: [Top 3 items from Quick_Wins sheet]
A35: 5. MEDIUM-TERM ROADMAP (6-18 months)
A36: Skills Development: | B36: [Based on Q4_Rankings and Q5_Skills gaps]
A38: AI Enablement: | B38: [Based on Q6_AI_Usage and Q7_AI_Tools gap analysis]
A40: Process Optimization: | B40: [Based on Q12_Challenges and automation opportunities]
A43: 6. LONG-TERM TRANSFORMATION (18-24 months)
A44: Role Evolution: | B44: [Based on Q3_Roles]
A46: Operating Model: | B46: [Based on Q10_Relationships and org structure implications]
A49: 7. KEY TENSIONS & TRADE-OFFS
A50: [Identify contradictions in responses]
A51: Example: If some say "need more technical depth" while others say "need more business focus"
A54: 8. RECOMMENDATIONS
A55: Based on the complete analysis, provide 3-5 strategic recommendations

Sheet AI_Analysis_Helper
A1: AI-POWERED ANALYSIS GUIDE
A3: Use Claude or ChatGPT to accelerate your analysis:
A5: Analysis Type | B5: Prompt Template
A6: Theme Extraction | B6: Copy all responses from Q1_Culture. Prompt: "Analyze these presales team culture descriptions. Identify 5-7 major themes with definitions and example quotes for each theme."
A7: Sentiment Analysis | B7: Copy responses. Prompt: "Analyze the sentiment (optimistic, anxious, frustrated, neutral) of these responses and quantify the distribution."
A8: Gap Identification | B8: Copy Q6 and Q7. Prompt: "Compare what people say they would use AI for vs. what they currently use. Identify the top 5 capability gaps."
A9: Priority Scoring | B9: Copy Q13 and Q14. Prompt: "Score these stop/start items on: frequency mentioned (1-5), potential impact (1-5), and implementation difficulty (1-5). Create a prioritized list."
A10: Consensus Detection | B10: Copy Q2 responses. Prompt: "Analyze these mission statements. Is there consensus (>60% alignment) or fragmentation? If fragmented, what are the 2-3 competing visions?"
A11: Cross-Reference | B11: Copy Q11 and Q12. Prompt: "Compare unique human value statements with current challenges. Are people able to deliver that value today? What are the blockers?"
A15: ADVANCED ANALYSIS TECHNIQUES
A16: Word Frequency: Use Python/R to create word clouds from each question
A17: Sentiment Scoring: Use VADER or TextBlob for quantitative sentiment
A18: Topic Modeling: Use LDA (Latent Dirichlet Allocation) for unsupervised theme discovery
A19: Network Analysis: Map relationships between themes across questions
A20: Cohort Analysis: If you have demographic data, segment by tenure/role/region

Sheet Sample_Data_Format
A1: SAMPLE DATA FORMAT
A3: Your Menti.com export should look like this:
A4: Response ID | B4: Q1_Culture | C4: Q2_Mission | D4: Q3_Roles | E4: Q4_Rankings | F4: Q5_Skills | G4: Q6_AI_Usage | H4: Q7_AI_Tools | I4: Q8_Customer_Value | J4: Q9_Success_Metrics | K4: Q10_Relationships | L4: Q11_Human_Value | M4: Q12_Challenges | N4: Q13_Stop | O4: Q14_Start
A5: R001 | B5: Collaborative but sometimes reactive | C5: Become trusted advisors who drive business outcomes | D5: Solution Architects, Value Consultants | E5: Technical depth, Business acumen, Communication | F5: AI and data literacy | G5: Automate RFP responses and demo prep | H5: ChatGPT, GitHub Copilot | I5: Focus on ROI and business outcomes | J5: Customer satisfaction and time-to-value | K5: More strategic partnership with PM | L5: Building trust and understanding customer context | M5: Too many low-value meetings | N5: Stop manual status reporting | O5: Start AI training program
A6: R002 | B6: Innovative team with strong technical skills | C6: Navigate complex integrations | D6: Technical Evangelists | E6: Adaptability, Industry knowledge | F6: Cloud architecture | G6: Generate technical documentation faster | H6: Claude, Notion AI | I6: Show real-world use cases | J6: Pipeline influence and win rate | K6: Earlier involvement in product roadmap | L6: Creative problem solving | M6: Limited access to good demo environments | N6: Stop doing work that should be automated | O6: Start regular customer success sharing
A7: R003 | B7: Siloed across regions | C7: Educate market on emerging tech | D7: Industry Specialists | E7: Consultative approach, Storytelling | F7: Vertical market expertise | G7: Analyze customer data for patterns | H7: Perplexity, ChatGPT | I7: Demonstrate measurable business value | J7: Customer retention and expansion | K7: Better feedback loop with Marketing | L7: Strategic thinking and business consulting | M7: Duplicate data entry | N7: Stop reinventing demos | O7: Start building reusable asset library
A10: MAPPING INSTRUCTIONS
A11: 1. If Menti columns are in different order, map them to match these headers
A12: 2. If some questions had multiple response options, combine or split as needed
A13: 3. For ranking questions (Q4), you may need to parse the ranking order
A14: 4. Add Response IDs in Column A if Menti did not provide them
A15: 5. Clean any obvious data issues (duplicates, blank rows, formatting)
